Keyword,Source,Seed
okx boost,Google,OKX
okx boost,Bing,OKX
okx bonus,Google,OKX
okx bonus,Bing,OKX
okx btc,Google,OKX
okx btc,Bing,OKX
okx币,Google,OKX
okx boost怎么刷,Google,OKX
okx背景,Google,OKX
okx币价格,Google,OKX
okx 币安 比较,Google,OKX
okx boost教程,Google,OKX
okx boost 规则,Google,OKX
okx binance,Google,OKX
okx binance,Bing,OKX
okx不支持哪些国家,Google,OKX
okx 币安,Google,OKX
okx地址查询,Google,OKX
okx地址查询,Bing,OKX
okx download,Google,OKX
okx download,Bing,OKX
okx大宗交易,Google,OKX
okx登录,Google,OKX
okx电脑版,Google,OKX
okx电脑版,Bing,OKX
ok行动办公室,Google,OKX
okx 倒闭,Google,OKX
ok咸蛋黄泡面,Google,OKX
okx地址,Google,OKX
ok咸蛋面,Google,OKX
okx的图标,Google,OKX
okx大宗,Google,OKX
okx登录注册,Bing,OKX
okx电脑版下载,Bing,OKX
okx 公司,Google,OKX
okx跟单,Google,OKX
okx公链,Google,OKX
okx github,Google,OKX
okx github,Bing,OKX
okx官网,Google,OKX
okx官网,Bing,OKX
ok雪糕,Google,OKX
okx公告,Google,OKX
okx购买usdt教程,Google,OKX
okx 国家,Google,OKX
okx杠杆倍数,Google,OKX
okx购买usdt,Google,OKX
ok 雪糕 优惠,Google,OKX
okx官网下载,Bing,OKX
okx官网入口,Bing,OKX
okx官方下载,Bing,OKX
okx官方网,Bing,OKX
okx官网登录,Bing,OKX
okx官网下载电脑版,Bing,OKX
okx官网网页版入口,Bing,OKX
okx wallet,Google,OKX
okx wallet,Bing,OKX
okx钱包,Google,OKX
okx钱包,Bing,OKX
okx浏览器,Google,OKX
okx浏览器,Bing,OKX
okx区块链查询,Google,OKX
okx区块链查询,Bing,OKX
okx图标,Google,OKX
okx区块链,Google,OKX
okx是哪个国家的,Google,OKX
okx创始人,Google,OKX
okx查询,Google,OKX
okx钱包下载,Google,OKX
okx钱包下载,Bing,OKX
okx web3钱包,Google,OKX
okx web3钱包,Bing,OKX
okx下载,Google,OKX
okx下载,Bing,OKX
okx交易所,Google,OKX
okx交易所,Bing,OKX
okx欧易官网,Bing,OKX
okx网页版,Bing,OKX
okx api,Google,OKX
okx api,Bing,OKX
okx下载官方,Bing,OKX
okx网页版入口,Bing,OKX
okx查链,Google,OKX
okx出金,Google,OKX
okx查询地址,Google,OKX
okx创始人是谁,Google,OKX
okx card,Google,OKX
okx card,Bing,OKX
okx c2c,Google,OKX
okx c2c,Bing,OKX
okx c2c交易,Google,OKX
okx 出 金 台币,Google,OKX
okx 出 金 dcard,Google,OKX
okx安全吗,Google,OKX
okx api 教程,Google,OKX
okx api文档,Google,OKX
okx api文档,Bing,OKX
okx安卓下载,Google,OKX
okx app下载,Google,OKX
okx app下载,Bing,OKX
okx 安全 吗 ptt,Google,OKX
okx安装包,Google,OKX
okx安卓下载地址,Google,OKX
okx返佣,Google,OKX
okx返佣,Bing,OKX
okx 费率,Google,OKX
ok秀峰店,Google,OKX
okx风控,Google,OKX
okx f1,Google,OKX
okx f1,Bing,OKX
ok新丰,Google,OKX
ok兴丰店,Google,OKX
okx funding rate,Google,OKX
okx funding rate,Bing,OKX
okx返佣比例,Google,OKX
okx 放贷,Google,OKX
okx 风险准备金,Google,OKX
okx explorer,Google,OKX
okx explorer,Bing,OKX
okx exchange,Google,OKX
okx exchange,Bing,OKX
okx extension,Google,OKX
okx extension,Bing,OKX
okx earn,Google,OKX
okx earn,Bing,OKX
okx europe,Google,OKX
okx europe,Bing,OKX
okx eth合约,Google,OKX
okx交易手续费,Google,OKX
okx接口,Google,OKX
okx交易查询,Google,OKX
okx交易,Google,OKX
okx价格,Google,OKX
okx价格,Bing,OKX
ok 小 金库 dcard,Google,OKX
okx教程,Google,OKX
ok 小 金库 评价,Google,OKX
okx 交易 所 安全 吗,Google,OKX
okx 交易 所 诈骗,Google,OKX
ok 小 金库 合法 吗,Google,OKX
okx 简单 赚 币 dcard,Google,OKX
okx交易所图标,Google,OKX
okx交易所下载,Bing,OKX
okx交易所官网,Bing,OKX
okx交易平台,Bing,OKX
okx交易所官方网站,Bing,OKX
okx交易平台官网入口,Bing,OKX
okx ios,Google,OKX
okx ios,Bing,OKX
okx ipo,Google,OKX
okx ipo,Bing,OKX
okx icon,Google,OKX
okx icon,Bing,OKX
okx ios 下载,Google,OKX
okx logo,Google,OKX
okx logo,Bing,OKX
okx老板,Google,OKX
okx冷钱包,Google,OKX
okx link,Google,OKX
okx link,Bing,OKX
okx量化交易,Google,OKX
okx 历史数据,Google,OKX
okx链,Google,OKX
okx login,Google,OKX
okx login,Bing,OKX
okx量化,Google,OKX
okx链条,Google,OKX
okx理财,Google,OKX
okx链上赚币,Google,OKX
okx老板是谁,Google,OKX
okx nft,Google,OKX
okx nft,Bing,OKX
okx牛人榜,Google,OKX
okx nft marketplace,Google,OKX
okx nft marketplace,Bing,OKX
okx nft市场,Google,OKX
okx年度账单,Google,OKX
okx哪些国家可以使用,Google,OKX
okx news,Google,OKX
okx news,Bing,OKX
okx night,Google,OKX
okx night,Bing,OKX
okx那些国家可以使用,Google,OKX
okx night空投,Google,OKX
okx开户奖励,Google,OKX
okx靠谱吗,Google,OKX
okx跨链桥,Google,OKX
okx空投,Google,OKX
okx 卡,Google,OKX
okx开发者文档,Google,OKX
okx客服,Google,OKX
okx 开户,Google,OKX
okx跨链,Google,OKX
okx客户端,Google,OKX
okx客户端,Bing,OKX
okx kyc,Google,OKX
okx kyc,Bing,OKX
okx可以使用信用卡购买usdt吗,Google,OKX
okx可以在马来西亚使用吗,Google,OKX
okx扩展,Google,OKX
okx客服在哪里,Google,OKX
okx 空投,Bing,OKX
okx看盘,Bing,OKX
okx k线,Bing,OKX
okx和币安哪个好,Google,OKX
okx和币安哪个好,Bing,OKX
okx汇率,Google,OKX
okx合约手续费,Google,OKX
okx hiring,Google,OKX
okx hiring,Bing,OKX
okx合约,Google,OKX
okx行情,Google,OKX
okx hk,Google,OKX
okx hk,Bing,OKX
okx和币安,Google,OKX
okx 好 唔 好 做,Google,OKX
ok新海店,Google,OKX
ok 销魂 大豆 干 热量,Google,OKX
okx活动,Google,OKX
okx 黄金,Google,OKX
okx合约计算器,Google,OKX
okx 欧易,Google,OKX
okx 欧易,Bing,OKX
okx os,Google,OKX
okx os,Bing,OKX
okx office,Google,OKX
okx office,Bing,OKX
okx otc 商家 实时 汇率 top 10,Google,OKX
okx欧洲站,Google,OKX
okx 欧易交易所,Google,OKX
okx official website,Google,OKX
okx official website,Bing,OKX
okx 欧意,Bing,OKX
okx 面试,Google,OKX
okx美国可以用吗,Google,OKX
okx面经,Google,OKX
okx美国,Google,OKX
okx模拟交易api,Google,OKX
okx 模拟盘,Google,OKX
okx模拟交易,Google,OKX
okx买币,Google,OKX
okx买币教程,Google,OKX
okx买币流程,Google,OKX
欧克熊猫,Google,OKX
欧克熊猫钓虾场,Google,OKX
欧客熊猫娱乐城-嘉义唱歌包厢 欢唱店 ktv包厢 卡拉ok 推荐ktv 唱歌推荐 唱歌场所 ktv体验,Google,OKX
欧客熊猫娱乐城-嘉义唱歌包厢 欢唱店 ktv包厢 卡拉ok 推荐ktv 唱歌推荐 唱歌场所 ktv体验的评论,Google,OKX
okx pay,Google,OKX
okx pay,Bing,OKX
ok虾皮,Google,OKX
okx pi network,Google,OKX
okx pi network,Bing,OKX
okx play store,Google,OKX
okx play store,Bing,OKX
okx pi,Google,OKX
okx pi,Bing,OKX
okx平台,Google,OKX
okx 评价,Google,OKX
okx批量转账,Google,OKX
ok新埔田新店,Google,OKX
okx pay是什么,Google,OKX
ok虾皮包裹查询,Google,OKX
okx苹果下载,Google,OKX
okx排名,Google,OKX
okx pc端,Bing,OKX
okx ventures,Google,OKX
okx ventures,Bing,OKX
okx vip等级,Google,OKX
okx vip,Google,OKX
okx vip,Bing,OKX
okx vs 币安,Google,OKX
okx vip邀请码,Google,OKX
okx vip体验卡,Google,OKX
okx vip资格,Google,OKX
okx v5 api,Google,OKX
okx v5 api,Bing,OKX
okx上市,Google,OKX
okx是什么交易所,Google,OKX
okx 是什么,Google,OKX
okx是什么公司,Google,OKX
okx上市了吗,Google,OKX
okx使用教程,Google,OKX
okx闪赚,Google,OKX
okx scan,Google,OKX
okx scan,Bing,OKX
okx手续费减免,Google,OKX
okx手续费,Google,OKX
okx singapore,Google,OKX
okx singapore,Bing,OKX
okx是哪里的交易所,Google,OKX
okx是哪个国家的交易所,Google,OKX
okx是什么,Bing,OKX
okx提现,Google,OKX
okx图片,Google,OKX
okx提币手续费,Google,OKX
okx tr,Google,OKX
okx tr,Bing,OKX
okx 推荐码,Google,OKX
okx提币流程,Google,OKX
okx 台湾 合法 吗,Google,OKX
okx提币,Google,OKX
okx 通行密钥,Google,OKX
okx提币教程,Google,OKX
okx 台湾 办公室,Google,OKX
okx屯币宝,Google,OKX
okx提领,Google,OKX
欧克血糖机,Google,OKX
okx usdt,Google,OKX
okx usdt,Bing,OKX
okx u卡,Google,OKX
okx u卡,Bing,OKX
okx usdt汇率,Google,OKX
okx uid可以给别人吗,Google,OKX
okx usdt活存,Google,OKX
okx usdt换台币,Google,OKX
okx usdt cny,Google,OKX
okx usdt cny,Bing,OKX
okx usdt兑换人民币,Google,OKX
okx uae,Google,OKX
okx uae,Bing,OKX
okx uid在哪,Google,OKX
okx uid转账,Bing,OKX
okx wallet下载,Google,OKX
okx wallet extension,Google,OKX
okx wallet extension,Bing,OKX
okx windows,Google,OKX
okx windows,Bing,OKX
okx wallet 官网,Google,OKX
okx web3 wallet,Google,OKX
okx web3 wallet,Bing,OKX
okx文档,Google,OKX
okx wallet是什么,Google,OKX
okx网页版下载,Bing,OKX
okx web3钱包官网,Bing,OKX
okx区块链浏览器,Google,OKX
okx区块链浏览器,Bing,OKX
okx钱包邀请码,Google,OKX
okx钱包邀请码,Bing,OKX
okx 钱包 官网,Google,OKX
okx钱包地址查询,Google,OKX
okx 期权,Google,OKX
okx 期权,Bing,OKX
okx钱包图标,Google,OKX
okx 钱包 转 交易 所,Google,OKX
okx区块链地址查询,Google,OKX
okx钱包安全吗,Google,OKX
okx钱包api,Google,OKX
okx钱包查询,Google,OKX
okx钱包插件,Bing,OKX
okx钱包官网,Bing,OKX
okx 招聘,Bing,OKX
okx 入金,Google,OKX
okx 入金,Bing,OKX
okx referral code,Google,OKX
okx referral code,Bing,OKX
okx如何注销,Google,OKX
okx认证,Google,OKX
okx 如何 提现 到 银行 卡,Google,OKX
okx 人工,Google,OKX
okx 人工 lihkg,Google,OKX
okx如何购买usdt,Google,OKX
okx如何转账,Google,OKX
okx referral,Google,OKX
okx referral,Bing,OKX
okx recruitment,Google,OKX
okx recruitment,Bing,OKX
okx认证流程,Google,OKX
okx如何使用,Google,OKX
okx如何绑定银行卡,Google,OKX
okx人脸识别,Google,OKX
okx 日本,Bing,OKX
okx邀请码,Google,OKX
okx邀请码,Bing,OKX
okx 一亩三分地,Google,OKX
okx 邀请 码 更改,Google,OKX
okx 邀请 码 补填,Google,OKX
ok信用卡,Google,OKX
ok信义店,Google,OKX
okx 邀请 码 在 哪,Google,OKX
okx 邀请 码 怎么 看,Google,OKX
okx 邀请奖励,Google,OKX
okx 邀请 码 ptt,Google,OKX
okx有多少用户,Google,OKX
okx页面,Google,OKX
okx用户量,Google,OKX
okx研究院,Google,OKX
okx研究院,Bing,OKX
欧卡雪月,Google,OKX
okx 邀請碼,Bing,OKX
okx易欧官网下载,Bing,OKX
okxyz官网,Bing,OKX
okx云链,Bing,OKX
okxyz优惠码,Bing,OKX
okxyz邀请码,Bing,OKX
okxyz账号在虚无之地,Bing,OKX
okx 徐明星,Google,OKX
okx校招,Google,OKX
okx 香港,Google,OKX
okx 香港,Bing,OKX
okx下载链接,Google,OKX
okx下载链接,Bing,OKX
okx 香港牌照,Google,OKX
okx现货手续费,Google,OKX
okx信用卡买币手续费,Google,OKX
okx 新加坡,Google,OKX
okx虚拟卡,Google,OKX
okx 信用卡入金,Google,OKX
okx 香港 lihkg,Google,OKX
okx下载网址,Google,OKX
okx下载网址,Bing,OKX
okx 信用卡 买 usdt,Google,OKX
ok新兴店,Google,OKX
okx下载电脑版,Bing,OKX
okx下载安卓,Bing,OKX
okx总部,Google,OKX
okx在美国可以用吗,Google,OKX
okx注册教程,Google,OKX
okx注册教程,Bing,OKX
okx注销,Google,OKX
okx怎么转账,Google,OKX
okx怎么注销账号,Google,OKX
okx转账流程,Google,OKX
okx注册地,Google,OKX
okx注册地,Bing,OKX
okx中文,Google,OKX
okx招聘,Google,OKX
okx招聘,Bing,OKX
okx注册,Google,OKX
okx注册,Bing,OKX
okx 中国,Google,OKX
okx 中国,Bing,OKX
okx中文版,Google,OKX
okx 资金费率,Google,OKX
欧卡小站,Google,OKX
欧卡小站,Bing,OKX
okx注册登录,Bing,OKX
okx最新官网,Bing,OKX
okx注册流程,Google,OKX
okx注册流程,Bing,OKX
okx中文站,Bing,OKX
okx怎么提现,Bing,OKX
okx注销账号,Bing,OKX
okx中国官网,Bing,OKX
okx注册教学,Google,OKX 注册
okx 注册 大陆,Google,OKX 注册
okex注册流程,Google,OKX 注册
okex注册,Google,OKX 注册
okx子账户,Google,OKX 注册
ocx注册流程,Google,OKX 注册
okx注册活动,Bing,OKX 注册
okx注册平台,Bing,OKX 注册
okx注册优惠券,Bing,OKX 注册
okx注册送积分,Bing,OKX 注册
okx注册失败原因,Bing,OKX 注册
okx注册后如何使用,Bing,OKX 注册
okx注册后如何充值,Bing,OKX 注册
okex 大陆用户注册,Google,OKX 注册
okx 注册 地址,Google,OKX 注册
okx如何注册,Google,OKX 注册
okx 注册,Google,OKX 注册
大陆 如何 注册 okx,Google,OKX 注册
okx注册地址,Bing,OKX 注册
欧易okx注册,Google,OKX 注册
欧易okx注册,Bing,OKX 注册
okx官网注册,Bing,OKX 注册
okx平台怎么注册,Bing,OKX 注册
okx注册步骤,Google,OKX 注册
okx 美国 注册,Google,OKX 注册
欧 易 okx 注册,Google,OKX 注册
okx 注册 奖励,Google,OKX 注册
okx 注册 教程,Google,OKX 注册
okx 注册 教学,Google,OKX 注册
okx注册返佣,Google,OKX 注册
okx 注册 国家,Google,OKX 注册
okx 注册 活动,Google,OKX 注册
okx 交易 所 注册,Google,OKX 注册
okx 交易 所 注册 流程,Google,OKX 注册
okx 国内 注册,Google,OKX 注册
okx 钱包 注册 教程,Google,OKX 注册
okx 德 区 注册,Google,OKX 注册
okx 可以 重新 注册 吗,Google,OKX 注册
okx官方mqq注册,Bing,OKX 注册
欧易okx官网入口注册,Bing,OKX 注册
okx 注册 不了,Google,OKX 注册
okx 香港 注册,Google,OKX 注册
okx注册不了,Google,OKX 注册
okx注册认证,Google,OKX 注册
okx注册流程英文版,Bing,OKX 注册
okx注册链接,Bing,OKX 注册
okx 企业 注册,Google,OKX 注册
okx 注册 流程,Google,OKX 注册
okx 钱包 注册 流程,Google,OKX 注册
okx 注册 地,Google,OKX 注册
okx 注册 地区,Google,OKX 注册
okx 注册 terry 邀请 码,Google,OKX 注册
okx 注销 重新 注册,Google,OKX 注册
okex中国注册,Google,OKX 注册
okx 台湾 注册,Google,OKX 注册
okx 注册 用户 数量,Google,OKX 注册
okx wallet 注册,Google,OKX 注册
okx注册问题,Bing,OKX 注册
okx注册需要实名认证吗,Bing,OKX 注册
okx 重新 注册,Google,OKX 注册
okx注册账号,Bing,OKX 注册
okx 注册 要 钱 吗,Google,OKX 注册
okx注册邀请码,Bing,OKX 注册
okx 下载 安卓,Google,OKX 下载
okx下载apk,Google,OKX 下载
okx 下载 app,Google,OKX 下载
okx下载app,Bing,OKX 下载
okx下载安装,Bing,OKX 下载
okx下载地址,Google,OKX 下载
okx下载地址,Bing,OKX 下载
okx安卓app下载,Bing,OKX 下载
okx官网下载apk,Bing,OKX 下载
okx欧易官网app下载,Bing,OKX 下载
欧易okx官网app下载评价,Bing,OKX 下载
okx下载教程,Google,OKX 下载
okx下载教程,Bing,OKX 下载
okex下载,Google,OKX 下载
okx下载官网,Bing,OKX 下载
okx下载器,Bing,OKX 下载
okx下载链条,Bing,OKX 下载
okx下载电影,Bing,OKX 下载
okx下载链式,Bing,OKX 下载
okx 电脑 版 下载,Google,OKX 下载
okx 手机 版 下载,Google,OKX 下载
okx 安卓 版 下载,Google,OKX 下载
okx api 文档 下载,Google,OKX 下载
okx 下载 不了,Google,OKX 下载
okx 旧 版本,Google,OKX 下载
okx怎么下载,Google,OKX 下载
okx下载链状,Bing,OKX 下载
okx mac 下载,Google,OKX 下载
okx 下载 教程,Google,OKX 下载
欧易okex下载,Google,OKX 下载
下载okex,Google,OKX 下载
okex 大陆下载,Google,OKX 下载
okx下载电子书,Bing,OKX 下载
欧易okx下载,Bing,OKX 下载
okx 谷歌 下载,Google,OKX 下载
okx下载官方app,Bing,OKX 下载
okx使用方法,Google,OKX 下载
okx 客户 端 下载,Google,OKX 下载
okx下載,Google,OKX 下载
okx 下载 ios,Google,OKX 下载
okx下载ios,Bing,OKX 下载
okex 下载 链接,Google,OKX 下载
okx下载链环,Bing,OKX 下载
okx下载链码,Bing,OKX 下载
okx下载链表,Bing,OKX 下载
okx下载链路,Bing,OKX 下载
okx下载链速,Bing,OKX 下载
okx下载链接安全吗,Bing,OKX 下载
okx下载链接怎么用,Bing,OKX 下载
okx下载链接是什么,Bing,OKX 下载
okex官网下载,Google,OKX 下载
okx k 线 数据 下载,Google,OKX 下载
国内 怎么 下载 okx,Google,OKX 下载
okx 下载 mac,Google,OKX 下载
okx怎么用,Google,OKX 下载
okx pc 下载,Google,OKX 下载
okx下载pc,Bing,OKX 下载
okx下载苹果,Bing,OKX 下载
okx 苹果 下载,Google,OKX 下载
okx 苹果 下载 链接,Google,OKX 下载
okx 如何 下载,Google,OKX 下载
okx 下载 链接,Google,OKX 下载
苹果 怎么 下载 okx,Google,OKX 下载
okx下载软件,Bing,OKX 下载
okx 下载 地址,Google,OKX 下载
okx 安卓 下载 地址,Google,OKX 下载
okx tr 下载,Google,OKX 下载
okx 手机 下载,Google,OKX 下载
okx 安装 包 下载,Google,OKX 下载
okx 安卓 手机 下载,Google,OKX 下载
okx 中国 下载,Google,OKX 下载
okx 手机 下载 链接,Google,OKX 下载
苹果 手机 下载 okx,Google,OKX 下载
华为 手机 下载 okx,Google,OKX 下载
中国 怎么 下载 okx,Google,OKX 下载
okx 历史 数据 下载,Google,OKX 下载
okx 数据 下载,Google,OKX 下载
okx使用,Google,OKX 下载
下载okx,Google,OKX 下载
okx 下载 windows,Google,OKX 下载
okx web3 钱包 下载,Google,OKX 下载
okx 欧 易 下载,Google,OKX 下载
okx wallet 下载,Google,OKX 下载
okx下载网站,Bing,OKX 下载
okx下载游戏,Bing,OKX 下载
okx下载音乐,Bing,OKX 下载
okx下载中心,Bing,OKX 下载
okx邀请码更改,Google,OKX 邀请码
okx邀请码查询,Google,OKX 邀请码
okx邀请码补填,Google,OKX 邀请码
okx邀请码在哪,Google,OKX 邀请码
okx 邀请 码 好处,Google,OKX 邀请码
okx 扫 码 支付,Google,OKX 邀请码
okx钱包注册,Google,OKX 邀请码
okx 邀请 码 有 什么 用,Google,OKX 邀请码
okx邀请码有什么用,Bing,OKX 邀请码
okx交易所官网邀请码,Bing,OKX 邀请码
okx绑定邀请码注销重新注册,Bing,OKX 邀请码
欧易okx注册使用邀请码领返佣,Bing,OKX 邀请码
okgg.top邀请码如何获得,Bing,OKX 邀请码
okx邀请,Google,OKX 邀请码
okx请人,Google,OKX 邀请码
okx杠杆,Google,OKX 邀请码
okx 邀请码 更改,Google,OKX 邀请码
欧易生物,Google,欧易
欧易生物,Bing,欧易
欧易地址查询,Google,欧易
欧易地址查询,Bing,欧易
欧易钱包,Google,欧易
欧易钱包,Bing,欧易
欧易是哪个国家的,Google,欧易
欧易是哪个国家的,Bing,欧易
欧易靠谱吗,Google,欧易
欧易靠谱吗,Bing,欧易
欧易浏览器,Google,欧易
欧易浏览器,Bing,欧易
欧易怎么设置中文,Google,欧易
欧易云平台,Google,欧易
欧易云平台,Bing,欧易
欧易云,Google,欧易
欧易安全吗,Google,欧易
欧易安全吗,Bing,欧易
欧易提币手续费,Google,欧易
欧易提币手续费,Bing,欧易
欧易区块链,Google,欧易
欧易区块链,Bing,欧易
欧易实名认证,Google,欧易
欧易创始人,Google,欧易
欧易创始人,Bing,欧易
欧易,Bing,欧易
欧易官网,Google,欧易
欧易官网,Bing,欧易
欧易下载,Google,欧易
欧易下载,Bing,欧易
欧易交易所,Google,欧易
欧易交易所,Bing,欧易
欧易app,Google,欧易
欧易app,Bing,欧易
欧易网页版,Google,欧易
欧易网页版,Bing,欧易
欧易注册,Google,欧易
欧易注册,Bing,欧易
欧易是什么,Google,欧易
欧易是什么,Bing,欧易
欧易okx,Bing,欧易
欧易交易所官网,Google,欧易
欧易交易所官网,Bing,欧易
欧易app下载,Google,欧易
欧易app下载,Bing,欧易
欧易app怎么设置中文,Google,欧易
欧易app安卓,Google,欧易
欧易apk下载,Google,欧易
欧易安卓下载,Google,欧易
欧易安卓下载,Bing,欧易
欧易api,Google,欧易
欧易api,Bing,欧易
欧易安卓安装包,Google,欧易
欧易 apk,Google,欧易
欧易 apk,Bing,欧易
欧易app最新版下载,Google,欧易
欧易安卓下载链接,Google,欧易
欧易安装包,Google,欧易
欧易安装包,Bing,欧易
欧易app安卓下载,Google,欧易
欧易安卓版下载,Google,欧易
欧易ai,Bing,欧易
欧易api文档,Bing,欧易
欧易app下载安卓,Bing,欧易
欧易app官网,Bing,欧易
欧易api接口,Bing,欧易
欧易 币安,Google,欧易
欧易被冻结,Google,欧易
欧易btc,Google,欧易
欧易btc,Bing,欧易
欧易 币安 哪个好,Google,欧易
欧易boost,Google,欧易
欧易boost,Bing,欧易
欧易币价,Google,欧易
欧易币,Google,欧易
欧易不可交易资产,Google,欧易
欧易不可交易资产,Bing,欧易
欧易比特币,Google,欧易
欧易比特币,Bing,欧易
欧易被风控,Google,欧易
欧易搬砖,Google,欧易
欧易绑定银行卡,Google,欧易
欧易被招安,Google,欧易
欧易被招安,Bing,欧易
欧易绑定收款方式,Google,欧易
欧易背景,Google,欧易
欧易币安,Bing,欧易
欧易百科,Bing,欧易
欧易比特币行情,Bing,欧易
欧易备用网址,Bing,欧易
欧易 bep20,Bing,欧易
欧易 bsc地址,Bing,欧易
欧易查链,Google,欧易
欧易充值,Google,欧易
欧易充值,Bing,欧易
欧易查询,Google,欧易
欧易查询,Bing,欧易
欧易充值usdt,Google,欧易
欧易查地址,Google,欧易
欧易c2c,Google,欧易
欧易c2c,Bing,欧易
欧易c2c交易,Google,欧易
欧易c2c汇率,Google,欧易
欧易出金,Google,欧易
欧易出金,Bing,欧易
欧易车,Google,欧易
欧易查询交易记录,Google,欧易
欧易查看钱包地址,Google,欧易
欧易c2c买币,Google,欧易
欧易c2c买币,Bing,欧易
欧易出金安全吗,Google,欧易
欧易抄的什么币,Bing,欧易
欧易测序,Bing,欧易
欧易词典,Bing,欧易
欧易出入金,Bing,欧易
欧易充币,Bing,欧易
欧易测序云平台,Bing,欧易
欧易地址,Google,欧易
欧易冻结60天,Google,欧易
欧易冻结,Google,欧易
欧易 大陆用户,Google,欧易
欧易电脑版,Google,欧易
欧易电脑版,Bing,欧易
欧易dex,Google,欧易
欧易大宗交易,Google,欧易
欧易电脑版下载,Google,欧易
欧易电脑版下载,Bing,欧易
欧易大宗,Google,欧易
欧易大宗汇率,Google,欧易
欧易兑换人民币汇率,Google,欧易
欧易大宗交易价格,Google,欧易
欧易地址在哪里看,Google,欧易
欧易打不开,Google,欧易
欧易登录,Bing,欧易
欧易的用途,Bing,欧易
欧易登录注册,Bing,欧易
欧易登录入口,Bing,欧易
欧易电脑端,Bing,欧易
欧易电脑版官网下载,Bing,欧易
欧易电脑下载,Bing,欧易
欧易登陆,Bing,欧易
欧易电脑端下载,Bing,欧易
欧易eth,Google,欧易
欧易eth,Bing,欧易
欧易eth价格,Google,欧易
欧易eth合约,Google,欧易
欧易赚币,Google,欧易
欧易挖矿,Google,欧易
欧易杠杆,Google,欧易
欧易erp,Bing,欧易
欧易exe,Bing,欧易
欧易erc,Bing,欧易
欧易evm地址,Bing,欧易
欧易erc20地址,Bing,欧易
欧易二手车,Bing,欧易
欧易返佣,Google,欧易
欧易返佣,Bing,欧易
欧易返佣比例,Google,欧易
欧易风控,Google,欧易
欧易风控,Bing,欧易
欧易返佣邀请码,Google,欧易
欧易返佣邀请码,Bing,欧易
欧易飞机群,Google,欧易
欧易服务器在哪里,Google,欧易
欧易服务器在哪里,Bing,欧易
欧易费率,Google,欧易
欧易付款,Google,欧易
欧易返佣40,Google,欧易
欧 易 for mac,Google,欧易
欧易 for mac,Bing,欧易
欧易犯法吗,Bing,欧易
欧易分析平台,Bing,欧易
欧易反手续费,Bing,欧易
欧易发币,Bing,欧易
欧易返手续费,Bing,欧易
欧易跟单靠谱吗,Google,欧易
欧易官网下载,Google,欧易
欧易官网下载,Bing,欧易
欧易国内还能用吗,Google,欧易
欧易杠杆倍数,Google,欧易
欧易官网地址,Google,欧易
欧易官网地址,Bing,欧易
欧易杠杆怎么玩,Google,欧易
欧易购,Google,欧易
欧易购买usdt,Google,欧易
欧易国际车业,Google,欧易
欧易购买usdt教程,Google,欧易
欧易公司,Google,欧易
欧易公司,Bing,欧易
欧易广场,Google,欧易
欧易公告,Google,欧易
欧易官方,Bing,欧易
欧易官方下载,Bing,欧易
欧易官方下载入口,Bing,欧易
欧易官方网站,Bing,欧易
欧易官网网址,Bing,欧易
欧易官方网址,Bing,欧易
欧易跟单,Bing,欧易
欧易官网app,Bing,欧易
欧易ios安装包,Google,欧易
欧易ios安装包,Bing,欧易
欧易ios下载,Google,欧易
欧易ios下载,Bing,欧易
欧易 app,Google,欧易
欧易usdt,Google,欧易
欧易ios,Bing,欧易
欧易ipa,Bing,欧易
欧易 ipad,Bing,欧易
欧易ios下载网址,Bing,欧易
欧易ios怎么下载,Bing,欧易
欧易id,Bing,欧易
欧易ipo,Bing,欧易
欧易ios版,Bing,欧易
欧易ios下载地址,Bing,欧易
欧易和币安哪个好,Google,欧易
欧易和币安哪个好,Bing,欧易
欧易合约怎么玩,Google,欧易
欧易合约怎么玩,Bing,欧易
欧易和币安哪个安全,Google,欧易
欧易和币安哪个安全,Bing,欧易
欧易和币安,Google,欧易
欧易合法吗,Google,欧易
欧易合法吗,Bing,欧易
欧易和币安手续费,Google,欧易
欧易汇率,Google,欧易
欧易汇率,Bing,欧易
欧易合约手续费,Google,欧易
欧易合约手续费,Bing,欧易
欧易合约,Google,欧易
欧易合约,Bing,欧易
欧易换人民币,Google,欧易
欧易会被查吗,Google,欧易
欧易红色背景,Google,欧易
欧易后台是谁,Google,欧易
欧易汇率人民币,Google,欧易
欧易汇率查询,Google,欧易
欧易航,Bing,欧易
欧易行情,Bing,欧易
欧易和币安哪个好用,Bing,欧易
欧易合约手续费怎么算的,Bing,欧易
欧易合约体验金,Bing,欧易
欧易交易所教程,Google,欧易
欧易教程,Google,欧易
欧易简单赚币有风险吗,Google,欧易
欧易居住地址验证,Google,欧易
欧易交易所app,Google,欧易
欧易交易所下载,Google,欧易
欧易交易所下载,Bing,欧易
欧易交易,Google,欧易
欧易交易手续费,Google,欧易
欧易价格,Google,欧易
欧易今日汇率,Google,欧易
欧易交易所是哪个国家的,Google,欧易
欧易交易所 ptt,Google,欧易
欧易介绍,Google,欧易
欧易交易所官网网址,Bing,欧易
欧易交官网注册,Bing,欧易
欧易交易平台,Bing,欧易
欧易交易所app安装,Bing,欧易
欧易交易所下载安装,Bing,欧易
欧易集团云平台,Bing,欧易
欧易交易所电脑版下载,Bing,欧易
欧易交易所下载地址,Bing,欧易
欧易交易所官方下载,Bing,欧易
欧易客户端,Google,欧易
欧易客户端,Bing,欧易
欧易客服在哪里,Google,欧易
欧易客服,Google,欧易
欧易客服,Bing,欧易
欧易空投,Google,欧易
欧易空投,Bing,欧易
欧易客服电话,Google,欧易
欧易客服电话,Bing,欧易
欧易客服怎么联系,Google,欧易
欧易可以注销吗,Google,欧易
欧易k线图,Google,欧易
欧易k线图,Bing,欧易
欧易扣有限公司,Google,欧易
欧易开户,Google,欧易
欧易快捷交易,Google,欧易
欧易可以转汇旺吗,Google,欧易
欧易可以注销账号吗,Google,欧易
欧易kyc,Google,欧易
欧易kyc,Bing,欧易
欧易客户端下载,Bing,欧易
欧易看盘,Bing,欧易
欧易k线图怎么看,Bing,欧易
欧易客户端下载中心,Bing,欧易
欧易客户端下载地址,Bing,欧易
欧易没有中文,Google,欧易
欧易买币教程,Google,欧易
欧易买币教程,Bing,欧易
欧易美国可以用吗,Google,欧易
欧易买usdt,Google,欧易
欧易买usdt,Bing,欧易
欧易买usdt教程,Google,欧易
欧易模拟盘,Google,欧易
欧易 mac,Google,欧易
欧易 mac,Bing,欧易
欧易买币,Google,欧易
欧易买币后多久可以提币,Google,欧易
欧易卖币教程,Google,欧易
欧易密码格式,Google,欧易
欧易密码格式,Bing,欧易
欧易卖币流程,Google,欧易
欧易卖币流程,Bing,欧易
欧易买币流程,Google,欧易
欧易买币流程,Bing,欧易
欧易卖币,Google,欧易
欧易卖u教程,Google,欧易
欧易模拟器,Bing,欧易
欧易模拟交易,Bing,欧易
欧易mac版,Bing,欧易
欧易 macd,Bing,欧易
欧易模拟器 装逼神器,Bing,欧易
欧易mac下载,Bing,欧易
欧易牛人榜,Google,欧易
欧易牛人榜,Bing,欧易
欧易内部转账,Google,欧易
欧易哪些国家可以使用,Google,欧易
欧易能注销吗,Google,欧易
欧易能注销吗,Bing,欧易
欧易年龄限制,Google,欧易
欧易nft,Google,欧易
欧易nft,Bing,欧易
欧易 币安哪个好,Google,欧易
欧易入金,Google,欧易
欧易哪个国家的,Bing,欧易
欧易哪里下载,Bing,欧易
欧易内互转怎么转,Bing,欧易
欧易nft是什么,Bing,欧易
欧易能用支付宝买币吗,Bing,欧易
欧易能提现吗,Bing,欧易
欧易能赚钱吗,Bing,欧易
欧易老板,Google,欧易
欧易老板,Bing,欧易
欧易量化,Google,欧易
欧易历史版本,Google,欧易
欧易冷钱包,Google,欧易
欧易冷钱包,Bing,欧易
欧易logo,Google,欧易
欧易logo,Bing,欧易
欧易链接,Google,欧易
欧易链接,Bing,欧易
欧易链上查询,Google,欧易
欧易老板是谁,Google,欧易
欧易老板是谁,Bing,欧易
欧易拉新,Google,欧易
欧易拉新,Bing,欧易
欧易量化交易,Google,欧易
欧易量化交易,Bing,欧易
欧易链,Google,欧易
欧易理财,Google,欧易
欧易拉新活动,Google,欧易
欧易老用户返佣,Google,欧易
欧易论坛,Bing,欧易
欧易量化交易接口,Bing,欧易
欧易linux,Bing,欧易
欧易量化交易软件,Bing,欧易
欧易okex,Google,欧易
欧易okex官网,Google,欧易
欧易 okx,Google,欧易
欧易okex官网下载,Google,欧易
欧易欧易,Google,欧易
欧易okx中文,Google,欧易
欧易otc,Google,欧易
欧易okx交易所,Google,欧易
欧易okx交易所,Bing,欧易
欧易otc商家,Google,欧易
欧易otc商家,Bing,欧易
欧易欧意,Google,欧易
欧易ok,Google,欧易
欧易okxapp,Bing,欧易
欧易okx官网,Bing,欧易
欧易okx登录,Bing,欧易
欧易okx中文版,Bing,欧易
欧易okx官方下载,Bing,欧易
欧易okx网页版,Bing,欧易
欧易okex交易所官网,Bing,欧易
欧易okx电脑版,Bing,欧易
欧易苹果手机怎么下载,Google,欧易
欧易苹果手机怎么下载,Bing,欧易
欧易平台安全吗,Google,欧易
欧易平台,Google,欧易
欧易平台,Bing,欧易
欧易pc端,Google,欧易
欧易pc端,Bing,欧易
欧易p2p,Google,欧易
欧易苹果下载,Google,欧易
欧易苹果下载,Bing,欧易
欧易骗局,Google,欧易
欧易牌价,Google,欧易
欧易漂白水,Google,欧易
欧易pc,Google,欧易
欧易苹果安装包,Google,欧易
欧易苹果,Google,欧易
欧易跑路,Google,欧易
欧易排名,Google,欧易
欧易平台下载,Google,欧易
欧易pc端官网,Bing,欧易
欧易苹果版下载,Bing,欧易
欧易pc下载,Bing,欧易
欧易pc端下载,Bing,欧易
欧易pay,Bing,欧易
欧易 pi,Bing,欧易
欧易 pi币,Bing,欧易
欧易pc版,Bing,欧易
欧易钱包地址,Google,欧易
欧易钱包地址,Bing,欧易
欧易区块链查询,Google,欧易
欧易区块链查询,Bing,欧易
欧易钱包怎么使用,Google,欧易
欧易区块链浏览器,Google,欧易
欧易区块链浏览器,Bing,欧易
欧易钱包地址查询,Google,欧易
欧易钱包下载,Google,欧易
欧易钱包下载,Bing,欧易
欧易钱包官网,Google,欧易
欧易钱包官网,Bing,欧易
欧易钱包地址在哪里,Google,欧易
欧易钱包地址在哪里,Bing,欧易
欧易企业股份有限公司,Google,欧易
欧易钱包怎么转账,Google,欧易
欧易钱包怎么转账,Bing,欧易
欧易钱包使用教程,Google,欧易
欧易钱包地址在哪里看,Google,欧易
欧易钱包安全吗,Google,欧易
欧易钱包插件,Bing,欧易
欧易招聘,Bing,欧易
欧易钱包地址在哪里查看,Bing,欧易
欧易如何转账,Google,欧易
欧易如何转账,Bing,欧易
欧易如何提现,Google,欧易
欧易如何设置中文,Google,欧易
欧易认证,Google,欧易
欧易认证,Bing,欧易
欧易如何注销账号,Google,欧易
欧易人工客服电话,Google,欧易
欧易如何使用,Google,欧易
欧易如何注册,Google,欧易
欧易如何购买trx,Google,欧易
欧易如何交易,Google,欧易
欧易如何交易,Bing,欧易
欧易人脸识别失败,Google,欧易
欧易人民币汇率,Google,欧易
欧易 如何 转账 给 别人,Google,欧易
欧易人生,Google,欧易
欧易软件,Bing,欧易
欧易软件下载,Bing,欧易
欧易如何提现人民币,Bing,欧易
欧易入口,Bing,欧易
欧易如何买币,Bing,欧易
欧易如何充值,Bing,欧易
欧易如何注销,Bing,欧易
欧易人脸识别无法通过,Bing,欧易
欧易如何查看自己的钱包地址,Bing,欧易
欧易设置中文,Google,欧易
欧易收款地址在哪里,Google,欧易
欧易使用教程,Google,欧易
欧易手续费返佣,Google,欧易
欧易是什么软件,Google,欧易
欧易是什么软件,Bing,欧易
欧易闪赚,Google,欧易
欧易收不到验证码,Google,欧易
欧易是谁的,Google,欧易
欧易是中国的吗,Google,欧易
欧易身份认证安全吗,Google,欧易
欧易实时汇率,Google,欧易
欧易是干嘛的,Bing,欧易
欧易是什么币,Bing,欧易
欧易生物官网,Bing,欧易
欧易是啥,Bing,欧易
欧易生物云平台官网,Bing,欧易
欧易生物云平台,Bing,欧易
欧易手续费,Bing,欧易
欧易是正规平台吗,Bing,欧易
欧易提现到支付宝安全吗,Google,欧易
欧易提现到支付宝安全吗,Bing,欧易
欧易提币,Google,欧易
欧易提币限制,Google,欧易
欧易图标,Google,欧易
欧易图标,Bing,欧易
欧易通行密钥,Google,欧易
欧易t+n,Google,欧易
欧易trc20手续费,Google,欧易
欧易trc20手续费,Bing,欧易
欧易提现,Google,欧易
欧易提现,Bing,欧易
欧易提币教程,Google,欧易
欧易提币教程,Bing,欧易
欧易提币风控,Google,欧易
欧易提币截图,Google,欧易
欧易提币流程,Google,欧易
欧易trc20地址,Google,欧易
欧易提现人民币,Google,欧易
欧易t+n怎么解除,Bing,欧易
欧易trc20钱包地址在哪里,Bing,欧易
欧易体现,Bing,欧易
欧易trx余额不足以支付网络费用,Bing,欧易
欧易 trx,Bing,欧易
欧易tradingview,Bing,欧易
欧易usdt价格,Google,欧易
欧易usdt提现,Google,欧易
欧易usdt实时汇率,Google,欧易
欧易usdt实时汇率,Bing,欧易
欧易usdt汇率人民币,Google,欧易
欧易usdt汇率人民币,Bing,欧易
欧易usdt汇率,Google,欧易
欧易usdt汇率,Bing,欧易
欧易usdt实时汇率人民币,Google,欧易
欧易usdt换人民币,Google,欧易
欧易usdt转账手续费,Google,欧易
欧易usdt提币手续费,Google,欧易
欧易usdt汇率泰铢,Google,欧易
欧易uid,Google,欧易
欧易uid是什么,Google,欧易
欧易uid是什么,Bing,欧易
欧易usdt大宗交易,Google,欧易
欧易usdt转账,Google,欧易
欧易usdt今日汇率,Bing,欧易
欧易usdt怎么换人民币,Bing,欧易
欧易 usdt,Bing,欧易
欧易usdt-trc20网络费用,Bing,欧易
欧易u商,Google,欧易
欧易u商,Bing,欧易
欧易 u卡,Bing,欧易
欧易 usdc,Bing,欧易
欧易usdt-trc20怎么找不到了,Bing,欧易
欧易vip邀请码,Google,欧易
欧易vip,Google,欧易
欧易vip,Bing,欧易
欧易 vs 币安,Google,欧易
欧易 vs 币安,Bing,欧易
欧易vip等级,Google,欧易
欧易微信,Google,欧易
欧易微信买币,Google,欧易
欧易违法吗,Google,欧易
欧 易 visa 卡,Google,欧易
欧易 vpn,Bing,欧易
欧易v5_api,Bing,欧易
欧易下载不了,Google,欧易
欧易下载不了,Bing,欧易
欧易虚拟卡,Google,欧易
欧易需要实名认证吗,Google,欧易
欧易需要实名认证吗,Bing,欧易
欧易下载apk,Google,欧易
欧易下载二维码,Google,欧易
欧易下载二维码,Bing,欧易
欧易修改语言,Google,欧易
欧易下载注册,Google,欧易
欧易下载安卓,Google,欧易
欧易下载链接,Google,欧易
欧易下载链接,Bing,欧易
欧易下载地址,Google,欧易
欧易下载地址,Bing,欧易
欧易下载教程,Google,欧易
欧易下载教程,Bing,欧易
欧易洗洁精,Google,欧易
欧易学院,Google,欧易
欧易学院,Bing,欧易
欧易需要实名吗,Google,欧易
欧易下载官网,Google,欧易
欧易下载官网,Bing,欧易
欧易下载官网电脑版,Bing,欧易
欧易下载电脑版,Bing,欧易
欧易下载苹果版,Bing,欧易
欧易下载安卓版,Bing,欧易
欧易虚拟币交易平台,Bing,欧易
欧易新手教程,Bing,欧易
欧易web3,Google,欧易
欧易web3钱包下载,Google,欧易
欧易web3钱包安全吗,Google,欧易
欧易web3钱包,Google,欧易
欧易web3钱包,Bing,欧易
欧易web3钱包怎么使用,Google,欧易
欧易web3钱包是冷钱包吗,Google,欧易
欧易web3钱包是冷钱包吗,Bing,欧易
欧易web3钱包怎么转到交易所,Google,欧易
欧易web3钱包怎么转到交易所,Bing,欧易
欧易web3钱包提现,Google,欧易
欧易网址,Google,欧易
欧易网址,Bing,欧易
欧易忘记密码,Google,欧易
欧易web3钱包是什么,Google,欧易
欧易无法注销,Google,欧易
欧易维护,Google,欧易
欧易网页版登录入口,Bing,欧易
欧易网站,Bing,欧易
欧易网页电脑版,Bing,欧易
欧易windows版,Bing,欧易
欧易windows下载,Bing,欧易
欧易网官网,Bing,欧易
欧易web3钱包怎么提现,Bing,欧易
欧易有电脑版吗,Google,欧易
欧易有电脑版吗,Bing,欧易
欧易邀请码,Google,欧易
欧易邀请码,Bing,欧易
欧易邀请码有什么用,Google,欧易
欧易邀请码有什么用,Bing,欧易
欧易亚,Google,欧易
欧易亚科技股份有限公司,Google,欧易
欧易英文,Google,欧易
欧易英文,Bing,欧易
欧易亚科技,Google,欧易
欧易有多少用户,Google,欧易
欧易云链,Google,欧易
欧易语言设置,Google,欧易
欧易邀请码在哪里填,Google,欧易
欧易邮箱,Google,欧易
欧易亚科技dcard,Google,欧易
欧易云平台官网,Bing,欧易
欧易有啥用呀paypal,Bing,欧易
欧易云工具,Bing,欧易
欧易云平台登录,Bing,欧易
欧易云生物,Bing,欧易
欧易邀请好友奖励,Bing,欧易
欧易与币安,Bing,欧易
欧易注销账号,Google,欧易
欧易怎么提现,Google,欧易
欧易怎么提现,Bing,欧易
欧易怎么注册,Google,欧易
欧易怎么注册,Bing,欧易
欧易转币安,Google,欧易
欧易怎么买币,Google,欧易
欧易怎么充值,Google,欧易
欧易怎么充值,Bing,欧易
欧易怎么玩,Google,欧易
欧易怎么玩,Bing,欧易
欧易在美国可以使用吗,Google,欧易
欧易转账教程,Google,欧易
欧易怎么提现人民币,Google,欧易
欧易怎么提现到银行卡,Google,欧易
欧易注册地区,Google,欧易
欧易注册地区,Bing,欧易
欧易怎么转账,Google,欧易
欧易怎么注销,Google,欧易
欧易中文版,Bing,欧易
欧易注册登录,Bing,欧易
欧易中文版下载,Bing,欧易
欧易怎么下载,Google,欧易
欧易怎么下载,Bing,欧易
欧易在线,Bing,欧易
欧易怎么转usdt给别人,Bing,欧易
欧易在线登录,Bing,欧易
欧易在中国合法吗,Bing,欧易
欧易注册流程,Google,欧易 注册
欧易注册流程,Bing,欧易 注册
欧易注册流程图片,Google,欧易 注册
欧易注册下载,Google,欧易 注册
欧易注册邀请码,Google,欧易 注册
欧易注册邀请码,Bing,欧易 注册
欧易注册教程图,Google,欧易 注册
欧易注册步骤,Google,欧易 注册
欧易注册需要什么,Google,欧易 注册
欧易注册教程,Google,欧易 注册
欧易注册教程,Bing,欧易 注册
欧易注册条件,Bing,欧易 注册
欧易注册活动,Bing,欧易 注册
欧易注册平台,Bing,欧易 注册
欧易注册须知,Bing,欧易 注册
欧易注册优惠,Bing,欧易 注册
欧易 注册,Google,欧易 注册
欧易注册不了,Bing,欧易 注册
欧易注册账号,Bing,欧易 注册
欧 易 注册 地区,Google,欧易 注册
欧易注册常见问题,Bing,欧易 注册
欧易注册地址,Bing,欧易 注册
欧易注册国家,Bing,欧易 注册
欧易注册教学,Bing,欧易 注册
欧易注册奖励,Bing,欧易 注册
欧易注册后怎么填邀请码,Bing,欧易 注册
下载注册易欧,Bing,欧易 注册
欧易注册 oyxwfo.cn,Bing,欧易 注册
欧易注册手机版,Bing,欧易 注册
欧易注册送彩金,Bing,欧易 注册
欧易注册视频,Bing,欧易 注册
欧易注册身份证,Bing,欧易 注册
欧易注册网址怎么样,Bing,欧易 注册
欧易注册网址是什么,Bing,欧易 注册
欧易注册网址如何使用,Bing,欧易 注册
欧易注册网址如何申请,Bing,欧易 注册
欧易注册网址的安全性,Bing,欧易 注册
欧易注册网址有什么优势,Bing,欧易 注册
欧易注册网址有什么活动,Bing,欧易 注册
欧易注册网址有什么风险,Bing,欧易 注册
欧易注册网址有哪些功能,Bing,欧易 注册
欧易注册网址的使用方法,Bing,欧易 注册
欧易注册网址的安全保障,Bing,欧易 注册
欧易注册网址的客服电话,Bing,欧易 注册
欧易注册下载地址,Bing,欧易 注册
欧易注册下载安卓,Bing,欧易 注册
欧易注册下载官网,Bing,欧易 注册
欧易注册下载方法,Bing,欧易 注册
欧易注册下载步骤,Bing,欧易 注册
欧易注册下载苹果,Bing,欧易 注册
欧易注册下载链接,Bing,欧易 注册
欧易注册下载问题,Bing,欧易 注册
欧易注册下载app,Bing,欧易 注册
欧易注册需要身份证,Bing,欧易 注册
欧易注册下载教程,Bing,欧易 注册
欧易注册要求,Bing,欧易 注册
欧易注册邮箱,Bing,欧易 注册
欧易注册用什么邮箱,Bing,欧易 注册
欧易注册要身份证吗,Bing,欧易 注册
欧易下载安装包,Google,欧易 下载
欧易下载安装,Google,欧易 下载
欧易下载ak888,Google,欧易 下载
欧易安卓怎么下载,Google,欧易 下载
欧易 下载 apk,Bing,欧易 下载
欧易下载app,Bing,欧易 下载
欧易下载安卓版最新版,Bing,欧易 下载
欧易下载安卓版优势比较,Bing,欧易 下载
欧易下载安卓版使用方法,Bing,欧易 下载
欧易下载安卓版功能介绍,Bing,欧易 下载
欧易下载安卓版安装教程,Bing,欧易 下载
欧易下载安卓版官方网站,Bing,欧易 下载
欧易下载安卓版常见问题,Bing,欧易 下载
欧易下载安卓版更新日志,Bing,欧易 下载
欧易下载安卓版用户反馈,Bing,欧易 下载
欧易下载ios,Google,欧易 下载
欧易下载ios,Bing,欧易 下载
欧易下载使用教程,Google,欧易 下载
欧 易下载官方app下载,Google,欧易 下载
欧易下载官网客服,Bing,欧易 下载
欧易下载官网教程,Bing,欧易 下载
欧易注册指南,Bing,欧易 注册
欧易下载官网评价,Bing,欧易 下载
欧易下载电脑,Google,欧易 下载
欧易下载官网问题,Bing,欧易 下载
欧易下载官网最新版,Bing,欧易 下载
欧易下载官网苹果版,Bing,欧易 下载
欧易下载官方app下载,Bing,欧易 下载
欧易下载官网地址,Bing,欧易 下载
欧易下载官网软件,Bing,欧易 下载
欧易下载官网安卓版,Bing,欧易 下载
欧易如何下载,Google,欧易 下载
苹果 下载 okx,Google,欧易 下载
如何下载欧易,Google,欧易 下载
欧易下载链接安全吗,Bing,欧易 下载
欧易下载链接是什么,Bing,欧易 下载
欧易下载链接在哪里找,Bing,欧易 下载
欧易下载链接如何加速,Bing,欧易 下载
欧易下载链接怎么使用,Bing,欧易 下载
欧易下载链接失效怎么办,Bing,欧易 下载
欧易下载链接有什么优势,Bing,欧易 下载
欧易下载链接有没有病毒,Bing,欧易 下载
欧易下载链接有没有限制,Bing,欧易 下载
欧易下载链接支持哪些平台,Bing,欧易 下载
欧易下载链接安卓,Bing,欧易 下载
欧易下载okx,Bing,欧易 下载
欧易下载苹果,Google,欧易 下载
欧易下载pc,Bing,欧易 下载
欧易下载苹果版评测,Bing,欧易 下载
欧易下载苹果版怎么用,Bing,欧易 下载
欧易下载苹果版最新版,Bing,欧易 下载
欧易下载苹果版下载地址,Bing,欧易 下载
欧易下载苹果版优惠活动,Bing,欧易 下载
欧易下载苹果版使用攻略,Bing,欧易 下载
欧易下载苹果版使用方法,Bing,欧易 下载
欧易下载苹果版免费下载,Bing,欧易 下载
欧易下载苹果版功能介绍,Bing,欧易 下载
欧易下载苹果版好不好用,Bing,欧易 下载
欧易下载入口,Bing,欧易 下载
欧易下载手机版,Bing,欧易 下载
欧易 套利下单,Google,欧易 下载
欧 易 下载 教程,Google,欧易 下载
欧 易 下载 地址,Google,欧易 下载
欧 易 怎么 修改 国家,Google,欧易 下载
欧易下载网址,Google,欧易 下载
欧易下载网址,Bing,欧易 下载
欧易下载网站,Bing,欧易 下载
欧易下载注册教程,Google,欧易 下载
欧易下载注册eth99,Google,欧易 下载
欧易下载中心,Bing,欧易 下载
欧 易 在 中国 如何 下载,Google,欧易 下载
欧易商家认证,Google,欧易 商家
欧易商家认证,Bing,欧易 商家
欧易商家保证金,Google,欧易 商家
欧易商家保证金,Bing,欧易 商家
欧易商家,Google,欧易 商家
欧易商家怎么赚钱,Google,欧易 商家
欧易商家怎么赚钱,Bing,欧易 商家
欧易商家认证问题,Google,欧易 商家
欧易做商家,Google,欧易 商家
欧 易 商家 赚钱 吗,Google,欧易 商家
欧易商家考试,Bing,欧易 商家
欧易商家姓名,Bing,欧易 商家
欧易c2c商家,Bing,欧易 商家
欧易怎么成为商家,Bing,欧易 商家
欧易申请商家,Bing,欧易 商家
欧易如何成为商家,Bing,欧易 商家
欧易商户,Google,欧易 商家
欧易交易所网址是ouyi.cn,Bing,欧易 商家
欧易官网入口 oyxwfo.cn,Bing,欧易 商家
www.obei.com.cn 欧贝,Bing,欧易 商家
欧 易 上市,Google,欧易 商家
欧 易数字 货 币交易平台下载,Bing,欧易 商家
q 欧易交易所 site:93.185.167.218,Bing,欧易 商家
欧易 43.134.161.147,Bing,欧易 商家
okx欧易官网 43.159.48.16,Bing,欧易 商家
